,index,file
0,0,EIN_237275342_YEAR_2008_FORMTYPE_990.pdf
1,0,EIN_520595110_YEAR_2008_FORMTYPE_990.pdf
2,0,EIN_542041314_YEAR_2008_FORMTYPE_990.pdf
3,0,EIN_956081896_YEAR_2008_FORMTYPE_990.pdf
4,0,EIN_943008370_YEAR_2008_FORMTYPE_990.pdf
5,0,EIN_311002913_YEAR_2008_FORMTYPE_990.pdf
6,0,EIN_311002913_YEAR_2009_FORMTYPE_990.pdf
7,0,EIN_363535053_YEAR_2008_FORMTYPE_990.pdf
8,0,EIN_951461574_YEAR_2008_FORMTYPE_990.pdf
9,0,EIN_521241765_YEAR_2008_FORMTYPE_990.pdf
10,0,EIN_351055662_YEAR_2008_FORMTYPE_990.pdf
11,0,EIN_860904675_YEAR_2008_FORMTYPE_990.pdf
12,0,EIN_231352689_YEAR_2008_FORMTYPE_990.pdf
13,0,EIN_521830327_YEAR_2009_FORMTYPE_990.pdf
14,0,EIN_42863903_YEAR_2008_FORMTYPE_990.pdf
15,0,EIN_363235550_YEAR_2008_FORMTYPE_990.pdf
16,0,EIN_112205623_YEAR_2008_FORMTYPE_990.pdf
17,0,EIN_222041389_YEAR_2008_FORMTYPE_990.pdf
18,0,EIN_953402002_YEAR_2008_FORMTYPE_990.pdf
19,0,EIN_521351785_YEAR_2008_FORMTYPE_990.pdf
20,0,EIN_203414952_YEAR_2008_FORMTYPE_990.pdf
21,0,EIN_203414952_YEAR_2010_FORMTYPE_990.pdf
22,0,EIN_611067013_YEAR_2008_FORMTYPE_990.pdf
23,0,EIN_231996251_YEAR_2008_FORMTYPE_990.pdf
24,0,EIN_113527658_YEAR_2008_FORMTYPE_990.pdf
25,0,EIN_611354013_YEAR_2008_FORMTYPE_990.pdf
26,0,EIN_391548867_YEAR_2010_FORMTYPE_990.pdf
27,0,EIN_311191608_YEAR_2008_FORMTYPE_990.pdf
28,0,EIN_311191608_YEAR_2009_FORMTYPE_990.pdf
29,0,EIN_541939910_YEAR_2008_FORMTYPE_990.pdf
30,0,EIN_540506322_YEAR_2008_FORMTYPE_990.pdf
31,0,EIN_540506322_YEAR_2010_FORMTYPE_990.pdf
32,0,EIN_133975090_YEAR_2008_FORMTYPE_990.pdf
33,0,EIN_953901313_YEAR_2008_FORMTYPE_990.pdf
34,0,EIN_751914068_YEAR_2008_FORMTYPE_990.pdf
35,0,EIN_650496702_YEAR_2008_FORMTYPE_990.pdf
36,0,EIN_650496702_YEAR_2009_FORMTYPE_990.pdf
37,0,EIN_650496702_YEAR_2010_FORMTYPE_990.pdf
38,0,EIN_311162331_YEAR_2008_FORMTYPE_990.pdf
39,0,EIN_222823304_YEAR_2008_FORMTYPE_990.pdf
40,0,EIN_222823304_YEAR_2009_FORMTYPE_990.pdf
41,0,EIN_222823304_YEAR_2010_FORMTYPE_990.pdf
42,0,EIN_870212467_YEAR_2008_FORMTYPE_990.pdf
43,0,EIN_351836687_YEAR_2008_FORMTYPE_990.pdf
44,0,EIN_621811726_YEAR_2008_FORMTYPE_990.pdf
45,0,EIN_621811726_YEAR_2009_FORMTYPE_990.pdf
46,0,EIN_581928247_YEAR_2008_FORMTYPE_990.pdf
47,0,EIN_581928247_YEAR_2010_FORMTYPE_990.pdf
48,0,EIN_650825964_YEAR_2008_FORMTYPE_990.pdf
49,0,EIN_751081109_YEAR_2008_FORMTYPE_990.pdf
50,0,EIN_751081109_YEAR_2009_FORMTYPE_990.pdf
51,0,EIN_481163356_YEAR_2008_FORMTYPE_990.pdf
52,0,EIN_223134995_YEAR_2008_FORMTYPE_990.pdf
53,0,EIN_203798596_YEAR_2009_FORMTYPE_990.pdf
54,0,EIN_363157624_YEAR_2008_FORMTYPE_990.pdf
55,0,EIN_237420574_YEAR_2008_FORMTYPE_990.pdf
56,0,EIN_202669700_YEAR_2009_FORMTYPE_990.pdf
57,0,EIN_237042029_YEAR_2009_FORMTYPE_990.pdf
58,0,EIN_132992985_YEAR_2008_FORMTYPE_990.pdf
59,0,EIN_132992985_YEAR_2010_FORMTYPE_990.pdf
60,0,EIN_953890724_YEAR_2008_FORMTYPE_990.pdf
61,0,EIN_576020493_YEAR_2008_FORMTYPE_990.pdf
62,0,EIN_541919810_YEAR_2008_FORMTYPE_990.pdf
63,0,EIN_870531727_YEAR_2008_FORMTYPE_990.pdf
64,0,EIN_363906065_YEAR_2008_FORMTYPE_990.pdf
65,0,EIN_363906065_YEAR_2010_FORMTYPE_990.pdf
66,0,EIN_581911751_YEAR_2008_FORMTYPE_990.pdf
67,0,EIN_951644035_YEAR_2008_FORMTYPE_990.pdf
68,0,EIN_133400377_YEAR_2008_FORMTYPE_990.pdf
69,0,EIN_752612813_YEAR_2008_FORMTYPE_990.pdf
70,0,EIN_43103694_YEAR_2008_FORMTYPE_990.pdf
71,0,EIN_910672501_YEAR_2008_FORMTYPE_990.pdf
72,0,EIN_237125575_YEAR_2008_FORMTYPE_990.pdf
73,0,EIN_231484178_YEAR_2008_FORMTYPE_990.pdf
74,0,EIN_954703838_YEAR_2008_FORMTYPE_990.pdf
75,0,EIN_954703838_YEAR_2009_FORMTYPE_990.pdf
76,0,EIN_911177244_YEAR_2008_FORMTYPE_990.pdf
77,0,EIN_911177244_YEAR_2010_FORMTYPE_990.pdf
78,0,EIN_133976873_YEAR_2008_FORMTYPE_990.pdf
79,0,EIN_750827421_YEAR_2010_FORMTYPE_990.pdf
80,0,EIN_362423707_YEAR_2008_FORMTYPE_990.pdf
81,0,EIN_113515344_YEAR_2008_FORMTYPE_990.pdf
82,0,EIN_381941170_YEAR_2008_FORMTYPE_990.pdf
83,0,EIN_237103042_YEAR_2008_FORMTYPE_990.pdf
84,0,EIN_850275408_YEAR_2008_FORMTYPE_990.pdf
85,0,EIN_850275408_YEAR_2009_FORMTYPE_990.pdf
86,0,EIN_412227656_YEAR_2009_FORMTYPE_990.pdf
87,0,EIN_910982722_YEAR_2008_FORMTYPE_990.pdf
88,0,EIN_943349736_YEAR_2008_FORMTYPE_990.pdf
89,0,EIN_221841274_YEAR_2009_FORMTYPE_990.pdf
90,0,EIN_510153566_YEAR_2008_FORMTYPE_990.pdf
91,0,EIN_621281799_YEAR_2008_FORMTYPE_990.pdf
92,0,EIN_621281799_YEAR_2010_FORMTYPE_990.pdf
93,0,EIN_382157686_YEAR_2008_FORMTYPE_990.pdf
94,0,EIN_911521697_YEAR_2009_FORMTYPE_990.pdf
95,0,EIN_223341784_YEAR_2008_FORMTYPE_990.pdf
96,0,EIN_363693224_YEAR_2008_FORMTYPE_990.pdf
97,0,EIN_363693224_YEAR_2009_FORMTYPE_990.pdf
98,0,EIN_850320982_YEAR_2008_FORMTYPE_990.pdf
99,0,EIN_521055742_YEAR_2008_FORMTYPE_990.pdf
100,0,EIN_61707903_YEAR_2008_FORMTYPE_990.pdf
101,0,EIN_942716470_YEAR_2008_FORMTYPE_990.pdf
102,0,EIN_237380554_YEAR_2008_FORMTYPE_990.pdf
103,0,EIN_231476335_YEAR_2008_FORMTYPE_990.pdf
104,0,EIN_954421521_YEAR_2008_FORMTYPE_990.pdf
105,0,EIN_760733035_YEAR_2008_FORMTYPE_990.pdf
106,0,EIN_566057494_YEAR_2008_FORMTYPE_990.pdf
107,0,EIN_362193619_YEAR_2008_FORMTYPE_990.pdf
108,0,EIN_131945157_YEAR_2008_FORMTYPE_990.pdf
109,0,EIN_560532138_YEAR_2008_FORMTYPE_990.pdf
110,0,EIN_951890710_YEAR_2008_FORMTYPE_990.pdf
111,0,EIN_541429009_YEAR_2008_FORMTYPE_990.pdf
112,0,EIN_541429009_YEAR_2009_FORMTYPE_990.pdf
113,0,EIN_541429009_YEAR_2010_FORMTYPE_990.pdf
114,0,EIN_841670187_YEAR_2008_FORMTYPE_990.pdf
115,0,EIN_450262160_YEAR_2008_FORMTYPE_990.pdf
116,0,EIN_450262160_YEAR_2010_FORMTYPE_990.pdf
117,0,EIN_521267484_YEAR_2008_FORMTYPE_990.pdf
118,0,EIN_521267484_YEAR_2010_FORMTYPE_990.pdf
119,0,EIN_630809568_YEAR_2008_FORMTYPE_990.pdf
120,0,EIN_630809568_YEAR_2010_FORMTYPE_990.pdf
121,0,EIN_340714585_YEAR_2008_FORMTYPE_990.pdf
122,0,EIN_470405317_YEAR_2008_FORMTYPE_990.pdf
123,0,EIN_582344742_YEAR_2008_FORMTYPE_990.pdf
124,0,EIN_941156635_YEAR_2008_FORMTYPE_990.pdf
125,0,EIN_546000598_YEAR_2008_FORMTYPE_990.pdf
126,0,EIN_546000598_YEAR_2009_FORMTYPE_990.pdf
127,0,EIN_910780146_YEAR_2008_FORMTYPE_990.pdf
128,0,EIN_640797905_YEAR_2008_FORMTYPE_990.pdf
129,0,EIN_223316403_YEAR_2008_FORMTYPE_990.pdf
130,0,EIN_363081086_YEAR_2008_FORMTYPE_990.pdf
131,0,EIN_201572620_YEAR_2008_FORMTYPE_990.pdf
132,0,EIN_116078704_YEAR_2008_FORMTYPE_990.pdf
133,0,EIN_431654652_YEAR_2008_FORMTYPE_990.pdf
134,0,EIN_630312914_YEAR_2008_FORMTYPE_990.pdf
135,0,EIN_237272284_YEAR_2008_FORMTYPE_990.pdf
136,0,EIN_133918814_YEAR_2008_FORMTYPE_990.pdf
137,0,EIN_136006960_YEAR_2008_FORMTYPE_990.pdf
138,0,EIN_136006960_YEAR_2009_FORMTYPE_990.pdf
139,0,EIN_410711610_YEAR_2008_FORMTYPE_990.pdf
140,0,EIN_521928321_YEAR_2008_FORMTYPE_990.pdf
141,0,EIN_522204029_YEAR_2009_FORMTYPE_990.pdf
142,0,EIN_522204029_YEAR_2010_FORMTYPE_990.pdf
143,0,EIN_770539599_YEAR_2008_FORMTYPE_990.pdf
144,0,EIN_133200719_YEAR_2008_FORMTYPE_990.pdf
145,0,EIN_60726487_YEAR_2008_FORMTYPE_990.pdf
146,0,EIN_231401559_YEAR_2008_FORMTYPE_990.pdf
147,0,EIN_541853311_YEAR_2008_FORMTYPE_990.pdf
148,0,EIN_541853311_YEAR_2010_FORMTYPE_990.pdf
149,0,EIN_810606967_YEAR_2008_FORMTYPE_990.pdf
150,0,EIN_860711495_YEAR_2008_FORMTYPE_990.pdf
151,0,EIN_311075684_YEAR_2008_FORMTYPE_990.pdf
152,0,EIN_311075684_YEAR_2009_FORMTYPE_990.pdf
153,0,EIN_752486132_YEAR_2008_FORMTYPE_990.pdf
154,0,EIN_383448297_YEAR_2009_FORMTYPE_990.pdf
155,0,EIN_133221646_YEAR_2008_FORMTYPE_990.pdf
156,0,EIN_133221646_YEAR_2009_FORMTYPE_990.pdf
157,0,EIN_363304707_YEAR_2008_FORMTYPE_990.pdf
158,0,EIN_390840589_YEAR_2009_FORMTYPE_990.pdf
159,0,EIN_205746618_YEAR_2008_FORMTYPE_990.pdf
160,0,EIN_521744337_YEAR_2008_FORMTYPE_990.pdf
161,0,EIN_223382037_YEAR_2008_FORMTYPE_990.pdf
162,0,EIN_680051386_YEAR_2009_FORMTYPE_990.pdf
163,0,EIN_521792772_YEAR_2008_FORMTYPE_990.pdf
164,0,EIN_271394708_YEAR_2010_FORMTYPE_990.pdf
165,0,EIN_582314421_YEAR_2008_FORMTYPE_990.pdf
166,0,EIN_582314421_YEAR_2010_FORMTYPE_990.pdf
167,0,EIN_136159064_YEAR_2008_FORMTYPE_990.pdf
168,0,EIN_953188150_YEAR_2008_FORMTYPE_990.pdf
169,0,EIN_630329409_YEAR_2008_FORMTYPE_990.pdf
170,0,EIN_911497667_YEAR_2008_FORMTYPE_990.pdf
171,0,EIN_541722887_YEAR_2008_FORMTYPE_990.pdf
172,0,EIN_131628150_YEAR_2008_FORMTYPE_990.pdf
173,0,EIN_720921017_YEAR_2008_FORMTYPE_990.pdf
174,0,EIN_580623603_YEAR_2008_FORMTYPE_990.pdf
175,0,EIN_953964928_YEAR_2008_FORMTYPE_990.pdf
176,0,EIN_521455677_YEAR_2008_FORMTYPE_990.pdf
177,0,EIN_916012289_YEAR_2008_FORMTYPE_990.pdf
178,0,EIN_383071514_YEAR_2009_FORMTYPE_990.pdf
179,0,EIN_541586817_YEAR_2008_FORMTYPE_990.pdf
180,0,EIN_953298239_YEAR_2008_FORMTYPE_990.pdf
181,0,EIN_620465076_YEAR_2008_FORMTYPE_990.pdf
182,0,EIN_541660459_YEAR_2008_FORMTYPE_990.pdf
183,0,EIN_133771206_YEAR_2008_FORMTYPE_990.pdf
184,0,EIN_203628181_YEAR_2008_FORMTYPE_990.pdf
185,0,EIN_626063304_YEAR_2008_FORMTYPE_990.pdf
186,0,EIN_364423774_YEAR_2008_FORMTYPE_990.pdf
187,0,EIN_541382657_YEAR_2009_FORMTYPE_990.pdf
188,0,EIN_541382657_YEAR_2010_FORMTYPE_990.pdf
189,0,EIN_113150521_YEAR_2008_FORMTYPE_990.pdf
190,0,EIN_530218495_YEAR_2010_FORMTYPE_990.pdf
191,0,EIN_223196616_YEAR_2008_FORMTYPE_990.pdf
192,0,EIN_412075995_YEAR_2010_FORMTYPE_990.pdf
193,0,EIN_541436224_YEAR_2008_FORMTYPE_990.pdf
194,0,EIN_113355081_YEAR_2008_FORMTYPE_990.pdf
195,0,EIN_310536647_YEAR_2008_FORMTYPE_990.pdf
196,0,EIN_351835273_YEAR_2008_FORMTYPE_990.pdf
197,0,EIN_221904427_YEAR_2008_FORMTYPE_990.pdf
198,0,EIN_113519275_YEAR_2008_FORMTYPE_990.pdf
199,0,EIN_161667739_YEAR_2008_FORMTYPE_990.pdf
200,0,EIN_371183008_YEAR_2008_FORMTYPE_990.pdf
201,0,EIN_231381400_YEAR_2008_FORMTYPE_990.pdf
202,0,EIN_231381400_YEAR_2009_FORMTYPE_990.pdf
203,0,EIN_231381400_YEAR_2010_FORMTYPE_990.pdf
204,0,EIN_231381400_YEAR_2011_FORMTYPE_990.pdf
205,0,EIN_112849619_YEAR_2008_FORMTYPE_990.pdf
206,0,EIN_223402589_YEAR_2008_FORMTYPE_990.pdf
207,0,EIN_620988294_YEAR_2008_FORMTYPE_990.pdf
208,0,EIN_410693968_YEAR_2008_FORMTYPE_990.pdf
209,0,EIN_911280495_YEAR_2008_FORMTYPE_990.pdf
210,0,EIN_237112560_YEAR_2009_FORMTYPE_990.pdf
211,0,EIN_540570901_YEAR_2008_FORMTYPE_990.pdf
212,0,EIN_113489123_YEAR_2008_FORMTYPE_990.pdf
213,0,EIN_113489123_YEAR_2009_FORMTYPE_990.pdf
214,0,EIN_840576936_YEAR_2008_FORMTYPE_990.pdf
215,0,EIN_460230221_YEAR_2008_FORMTYPE_990.pdf
216,0,EIN_133234441_YEAR_2008_FORMTYPE_990.pdf
217,0,EIN_133234441_YEAR_2010_FORMTYPE_990.pdf
218,0,EIN_350868181_YEAR_2008_FORMTYPE_990.pdf
219,0,EIN_840990300_YEAR_2008_FORMTYPE_990.pdf
220,0,EIN_237135837_YEAR_2008_FORMTYPE_990.pdf
221,0,EIN_953818477_YEAR_2009_FORMTYPE_990.pdf
222,0,EIN_521851346_YEAR_2008_FORMTYPE_990.pdf
223,0,EIN_330412751_YEAR_2008_FORMTYPE_990.pdf
224,0,EIN_330412751_YEAR_2009_FORMTYPE_990.pdf
225,0,EIN_330412751_YEAR_2010_FORMTYPE_990.pdf
226,0,EIN_222570926_YEAR_2008_FORMTYPE_990.pdf
227,0,EIN_222570926_YEAR_2010_FORMTYPE_990.pdf
228,0,EIN_411797413_YEAR_2008_FORMTYPE_990.pdf
229,0,EIN_680361176_YEAR_2008_FORMTYPE_990.pdf
230,0,EIN_237400293_YEAR_2008_FORMTYPE_990.pdf
231,0,EIN_430719506_YEAR_2008_FORMTYPE_990.pdf
232,0,EIN_522268177_YEAR_2008_FORMTYPE_990.pdf
233,0,EIN_582058853_YEAR_2008_FORMTYPE_990.pdf
234,0,EIN_364579309_YEAR_2008_FORMTYPE_990.pdf
235,0,EIN_916053563_YEAR_2008_FORMTYPE_990.pdf
236,0,EIN_911180810_YEAR_2008_FORMTYPE_990.pdf
237,0,EIN_911180810_YEAR_2010_FORMTYPE_990.pdf
238,0,EIN_205298861_YEAR_2008_FORMTYPE_990.pdf
239,0,EIN_521501082_YEAR_2008_FORMTYPE_990.pdf
240,0,EIN_411601449_YEAR_2008_FORMTYPE_990.pdf
241,0,EIN_846027655_YEAR_2008_FORMTYPE_990.pdf
242,0,EIN_237432162_YEAR_2008_FORMTYPE_990.pdf
243,0,EIN_526040461_YEAR_2008_FORMTYPE_990.pdf
244,0,EIN_421461169_YEAR_2008_FORMTYPE_990.pdf
245,0,EIN_541072533_YEAR_2008_FORMTYPE_990.pdf
246,0,EIN_522197517_YEAR_2008_FORMTYPE_990.pdf
247,0,EIN_136207054_YEAR_2008_FORMTYPE_990.pdf
248,0,EIN_521711334_YEAR_2010_FORMTYPE_990.pdf
249,0,EIN_942197343_YEAR_2008_FORMTYPE_990.pdf
250,0,EIN_660699195_YEAR_2008_FORMTYPE_990.pdf
251,0,EIN_660699195_YEAR_2009_FORMTYPE_990.pdf
252,0,EIN_561656943_YEAR_2008_FORMTYPE_990.pdf
253,0,EIN_591662427_YEAR_2008_FORMTYPE_990.pdf
254,0,EIN_610458355_YEAR_2008_FORMTYPE_990.pdf
255,0,EIN_221828435_YEAR_2008_FORMTYPE_990.pdf
256,0,EIN_521858532_YEAR_2008_FORMTYPE_990.pdf
257,0,EIN_570952531_YEAR_2008_FORMTYPE_990.pdf
258,0,EIN_42768237_YEAR_2008_FORMTYPE_990.pdf
259,0,EIN_731395057_YEAR_2010_FORMTYPE_990.pdf
260,0,EIN_50562732_YEAR_2008_FORMTYPE_990.pdf
261,0,EIN_203273423_YEAR_2009_FORMTYPE_990.pdf
262,0,EIN_133749410_YEAR_2008_FORMTYPE_990.pdf
263,0,EIN_440610626_YEAR_2009_FORMTYPE_990.pdf
264,0,EIN_366101090_YEAR_2009_FORMTYPE_990.pdf
265,0,EIN_391592727_YEAR_2008_FORMTYPE_990.pdf
266,0,EIN_362586390_YEAR_2008_FORMTYPE_990.pdf
267,0,EIN_920141715_YEAR_2008_FORMTYPE_990.pdf
268,0,EIN_450371325_YEAR_2008_FORMTYPE_990.pdf
269,0,EIN_135604164_YEAR_2008_FORMTYPE_990.pdf
270,0,EIN_134129457_YEAR_2008_FORMTYPE_990.pdf
271,0,EIN_134129457_YEAR_2009_FORMTYPE_990.pdf
272,0,EIN_134129457_YEAR_2010_FORMTYPE_990.pdf
273,0,EIN_581437002_YEAR_2008_FORMTYPE_990.pdf
274,0,EIN_521162185_YEAR_2008_FORMTYPE_990.pdf
275,0,EIN_521162185_YEAR_2009_FORMTYPE_990.pdf
276,0,EIN_237061145_YEAR_2008_FORMTYPE_990.pdf
277,0,EIN_237061145_YEAR_2010_FORMTYPE_990.pdf
278,0,EIN_541382723_YEAR_2008_FORMTYPE_990.pdf
279,0,EIN_541382723_YEAR_2009_FORMTYPE_990.pdf
280,0,EIN_926004561_YEAR_2008_FORMTYPE_990.pdf
281,0,EIN_926004561_YEAR_2010_FORMTYPE_990.pdf
282,0,EIN_350898393_YEAR_2008_FORMTYPE_990.pdf
283,0,EIN_350898393_YEAR_2009_FORMTYPE_990.pdf
284,0,EIN_730792333_YEAR_2008_FORMTYPE_990.pdf
285,0,EIN_830313191_YEAR_2010_FORMTYPE_990.pdf
286,0,EIN_581816773_YEAR_2008_FORMTYPE_990.pdf
287,0,EIN_581816773_YEAR_2009_FORMTYPE_990.pdf
288,0,EIN_131810448_YEAR_2008_FORMTYPE_990.pdf
289,0,EIN_911340220_YEAR_2008_FORMTYPE_990.pdf
290,0,EIN_204801038_YEAR_2008_FORMTYPE_990.pdf
291,0,EIN_311421807_YEAR_2008_FORMTYPE_990.pdf
292,0,EIN_311421807_YEAR_2009_FORMTYPE_990.pdf
293,0,EIN_953196836_YEAR_2008_FORMTYPE_990.pdf
294,0,EIN_953196836_YEAR_2010_FORMTYPE_990.pdf
295,0,EIN_953494561_YEAR_2008_FORMTYPE_990.pdf
296,0,EIN_540505923_YEAR_2008_FORMTYPE_990.pdf
297,0,EIN_351985485_YEAR_2008_FORMTYPE_990.pdf
298,0,EIN_351985485_YEAR_2010_FORMTYPE_990.pdf
299,0,EIN_953443202_YEAR_2008_FORMTYPE_990.pdf
300,0,EIN_351109966_YEAR_2008_FORMTYPE_990.pdf
301,0,EIN_730739626_YEAR_2008_FORMTYPE_990.pdf
302,0,EIN_480891418_YEAR_2008_FORMTYPE_990.pdf
303,0,EIN_330779893_YEAR_2008_FORMTYPE_990.pdf
304,0,EIN_742420367_YEAR_2010_FORMTYPE_990.pdf
305,0,EIN_134080201_YEAR_2008_FORMTYPE_990.pdf
306,0,EIN_581954432_YEAR_2008_FORMTYPE_990.pdf
307,0,EIN_232223120_YEAR_2008_FORMTYPE_990.pdf
308,0,EIN_232223120_YEAR_2009_FORMTYPE_990.pdf
309,0,EIN_742541210_YEAR_2008_FORMTYPE_990.pdf
310,0,EIN_133649537_YEAR_2008_FORMTYPE_990.pdf
311,0,EIN_133649537_YEAR_2009_FORMTYPE_990.pdf
312,0,EIN_134249100_YEAR_2008_FORMTYPE_990.pdf
313,0,EIN_930854417_YEAR_2008_FORMTYPE_990.pdf
314,0,EIN_410708577_YEAR_2008_FORMTYPE_990.pdf
315,0,EIN_953580834_YEAR_2008_FORMTYPE_990.pdf
316,0,EIN_132965038_YEAR_2008_FORMTYPE_990.pdf
317,0,EIN_237391796_YEAR_2008_FORMTYPE_990.pdf
318,0,EIN_237335592_YEAR_2008_FORMTYPE_990.pdf
319,0,EIN_237335592_YEAR_2009_FORMTYPE_990.pdf
320,0,EIN_521527835_YEAR_2008_FORMTYPE_990.pdf
321,0,EIN_942206497_YEAR_2008_FORMTYPE_990.pdf
322,0,EIN_362216176_YEAR_2008_FORMTYPE_990.pdf
323,0,EIN_237254928_YEAR_2008_FORMTYPE_990.pdf
324,0,EIN_952798775_YEAR_2008_FORMTYPE_990.pdf
325,0,EIN_521783323_YEAR_2008_FORMTYPE_990.pdf
326,0,EIN_208036372_YEAR_2009_FORMTYPE_990.pdf
327,0,EIN_132574963_YEAR_2008_FORMTYPE_990.pdf
328,0,EIN_132574963_YEAR_2009_FORMTYPE_990.pdf
329,0,EIN_520902755_YEAR_2008_FORMTYPE_990.pdf
330,0,EIN_330933909_YEAR_2008_FORMTYPE_990.pdf
331,0,EIN_311278593_YEAR_2009_FORMTYPE_990.pdf
332,0,EIN_840385934_YEAR_2008_FORMTYPE_990.pdf
333,0,EIN_840385934_YEAR_2009_FORMTYPE_990.pdf
334,0,EIN_840385934_YEAR_2010_FORMTYPE_990.pdf
335,0,EIN_911608978_YEAR_2008_FORMTYPE_990.pdf
336,0,EIN_581928520_YEAR_2008_FORMTYPE_990.pdf
337,0,EIN_431748286_YEAR_2009_FORMTYPE_990.pdf
338,0,EIN_223834440_YEAR_2008_FORMTYPE_990.pdf
339,0,EIN_223834440_YEAR_2009_FORMTYPE_990.pdf
340,0,EIN_582252295_YEAR_2008_FORMTYPE_990.pdf
341,0,EIN_562164060_YEAR_2008_FORMTYPE_990.pdf
342,0,EIN_911155150_YEAR_2008_FORMTYPE_990.pdf
343,0,EIN_350935587_YEAR_2008_FORMTYPE_990.pdf
344,0,EIN_540506427_YEAR_2008_FORMTYPE_990.pdf
345,0,EIN_540506427_YEAR_2009_FORMTYPE_990.pdf
346,0,EIN_311774905_YEAR_2008_FORMTYPE_990.pdf
347,0,EIN_311774905_YEAR_2010_FORMTYPE_990.pdf
348,0,EIN_586033837_YEAR_2008_FORMTYPE_990.pdf
349,0,EIN_586033837_YEAR_2009_FORMTYPE_990.pdf
350,0,EIN_236050131_YEAR_2008_FORMTYPE_990.pdf
351,0,EIN_236050131_YEAR_2009_FORMTYPE_990.pdf
352,0,EIN_226063412_YEAR_2008_FORMTYPE_990.pdf
353,0,EIN_521263436_YEAR_2009_FORMTYPE_990.pdf
354,0,EIN_582248383_YEAR_2008_FORMTYPE_990.pdf
355,0,EIN_582248383_YEAR_2009_FORMTYPE_990.pdf
356,0,EIN_582248383_YEAR_2010_FORMTYPE_990.pdf
357,0,EIN_900048781_YEAR_2009_FORMTYPE_990.pdf
358,0,EIN_411439560_YEAR_2008_FORMTYPE_990.pdf
359,0,EIN_351474166_YEAR_2008_FORMTYPE_990.pdf
360,0,EIN_680095964_YEAR_2008_FORMTYPE_990.pdf
361,0,EIN_680095964_YEAR_2009_FORMTYPE_990.pdf
362,0,EIN_841541857_YEAR_2008_FORMTYPE_990.pdf
363,0,EIN_541940918_YEAR_2011_FORMTYPE_990.pdf
364,0,EIN_204240578_YEAR_2008_FORMTYPE_990.pdf
365,0,EIN_522374370_YEAR_2008_FORMTYPE_990.pdf
366,0,EIN_911443685_YEAR_2008_FORMTYPE_990.pdf
367,0,EIN_42103580_YEAR_2008_FORMTYPE_990.pdf
368,0,EIN_942620758_YEAR_2008_FORMTYPE_990.pdf
369,0,EIN_911823641_YEAR_2008_FORMTYPE_990.pdf
370,0,EIN_870541293_YEAR_2008_FORMTYPE_990.pdf
371,0,EIN_752191528_YEAR_2008_FORMTYPE_990.pdf
372,0,EIN_581967329_YEAR_2008_FORMTYPE_990.pdf
373,0,EIN_540535603_YEAR_2008_FORMTYPE_990.pdf
374,0,EIN_521703065_YEAR_2008_FORMTYPE_990.pdf
375,0,EIN_363529801_YEAR_2008_FORMTYPE_990.pdf
376,0,EIN_363529801_YEAR_2009_FORMTYPE_990.pdf
377,0,EIN_362434228_YEAR_2008_FORMTYPE_990.pdf
378,0,EIN_135564128_YEAR_2008_FORMTYPE_990.pdf
379,0,EIN_205806345_YEAR_2008_FORMTYPE_990.pdf
380,0,EIN_205806345_YEAR_2009_FORMTYPE_990.pdf
381,0,EIN_540618173_YEAR_2008_FORMTYPE_990.pdf
382,0,EIN_43113783_YEAR_2008_FORMTYPE_990.pdf
383,0,EIN_510175510_YEAR_2008_FORMTYPE_990.pdf
384,0,EIN_731086246_YEAR_2008_FORMTYPE_990.pdf
385,0,EIN_731086246_YEAR_2009_FORMTYPE_990.pdf
386,0,EIN_541976312_YEAR_2009_FORMTYPE_990.pdf
387,0,EIN_311565719_YEAR_2008_FORMTYPE_990.pdf
388,0,EIN_311565719_YEAR_2010_FORMTYPE_990.pdf
389,0,EIN_132912529_YEAR_2010_FORMTYPE_990.pdf
390,0,EIN_840753677_YEAR_2009_FORMTYPE_990.pdf
391,0,EIN_222284197_YEAR_2008_FORMTYPE_990.pdf
